ID,ContactCategory,FirstName,LastName,Cell,Tell,Email,instagram,Other/Notes
1,Actor,Harrison,Ford,+989127771111,+982184301400,Harrison@Ford.com,@Harrison_Ford,StarWars:TheForceAwakens
2,Actor,SamuelL.,Jackson,+989127771164,+982184301401,SamuelL.@Jackson.com,@SamuelL._Jackson,TheAvengers
3,Actor,Morgan,Freeman,+989127771217,+982184301402,Morgan@Freeman.com,@Morgan_Freeman,TheDarkKnight
4,Actor,Tom,Hanks,+989127771270,+982184301403,Tom@Hanks.com,@Tom_Hanks,ToyStory3
5,Actor,Robert,DowneyJr.,+989127771323,+982184301404,Robert@DowneyJr..com,@Robert_DowneyJr.,TheAvengers
6,Actor,Eddie,Murphy,+989127771376,+982184301405,Eddie@Murphy.com,@Eddie_Murphy,Shrek2
7,Actor,Tom,Cruise,+989127771429,+982184301406,Tom@Cruise.com,@Tom_Cruise,WaroftheWorlds
8,Actor,Johnny,Depp,+989127771482,+982184301407,Johnny@Depp.com,@Johnny_Depp,DeadMan'sChest
9,Actor,Michael,Caine,+989127771535,+982184301408,Michael@Caine.com,@Michael_Caine,TheDarkKnight
10,Actor,Scarlett,Johansson,+989127771588,+982184301409,Scarlett@Johansson.com,@Scarlett_Johansson,TheAvengers
11,Actor,Gary,Oldman,+989127771641,+982184301410,Gary@Oldman.com,@Gary_Oldman,TheDarkKnight
12,Actor,Robin,Williams,+989127771694,+982184301411,Robin@Williams.com,@Robin_Williams,NightattheMuseum
13,Actor,Bruce,Willis,+989127771747,+982184301412,Bruce@Willis.com,@Bruce_Willis,SixthSense
14,Actor,Stellan,Skarsgard,+989127771800,+982184301413,Stellan@Skarsgard.com,@Stellan_Skarsgard,TheAvengers
15,Actor,Anthony,Daniels,+989127771853,+982184301414,Anthony@Daniels.com,@Anthony_Daniels,StarWars:TheForceAwakens
16,Actor,Ian,McKellen,+989127771906,+982184301415,Ian@McKellen.com,@Ian_McKellen,ReturnoftheKing
17,Actor,Will,Smith,+989127771959,+982184301416,Will@Smith.com,@Will_Smith,IndependenceDay
18,Actor,Stanley,Tucci,+989127772012,+982184301417,Stanley@Tucci.com,@Stanley_Tucci,CatchingFire
19,Actor,Matt,Damon,+989127772065,+982184301418,Matt@Damon.com,@Matt_Damon,TheMartian
20,Actor,Robert,DeNiro,+989127772118,+982184301419,Robert@DeNiro.com,@Robert_DeNiro,MeettheFockers
21,Actor,Cameron,Diaz,+989127772171,+982184301420,Cameron@Diaz.com,@Cameron_Diaz,Shrek2
22,Actor,Liam,Neeson,+989127772224,+982184301421,Liam@Neeson.com,@Liam_Neeson,ThePhantomMenace
23,Actor,Andy,Serkis,+989127772277,+982184301422,Andy@Serkis.com,@Andy_Serkis,StarWars:TheForceAwakens
24,Actor,Don,Cheadle,+989127772330,+982184301423,Don@Cheadle.com,@Don_Cheadle,Avengers:AgeofUltron
25,Actor,Ben,Stiller,+989127772383,+982184301424,Ben@Stiller.com,@Ben_Stiller,MeettheFockers
26,Actor,Helena,BonhamCarter,+989127772436,+982184301425,Helena@BonhamCarter.com,@Helena_BonhamCarter,HarryPotter/DeathlyHallows(P2)
27,Actor,Orlando,Bloom,+989127772489,+982184301426,Orlando@Bloom.com,@Orlando_Bloom,DeadMan'sChest
28,Actor,Woody,Harrelson,+989127772542,+982184301427,Woody@Harrelson.com,@Woody_Harrelson,CatchingFire
29,Actor,Cate,Blanchett,+989127772595,+982184301428,Cate@Blanchett.com,@Cate_Blanchett,ReturnoftheKing
30,Actor,Julia,Roberts,+989127772648,+982184301429,Julia@Roberts.com,@Julia_Roberts,Ocean'sEleven
31,Actor,Elizabeth,Banks,+989127772701,+982184301430,Elizabeth@Banks.com,@Elizabeth_Banks,CatchingFire
32,Actor,Ralph,Fiennes,+989127772754,+982184301431,Ralph@Fiennes.com,@Ralph_Fiennes,HarryPotter/DeathlyHallows(P2)
33,Actor,Emma,Watson,+989127772807,+982184301432,Emma@Watson.com,@Emma_Watson,HarryPotter/DeathlyHallows(P2)
34,Actor,Tommy,LeeJones,+989127772860,+982184301433,Tommy@LeeJones.com,@Tommy_LeeJones,MeninBlack
35,Actor,Brad,Pitt,+989127772913,+982184301434,Brad@Pitt.com,@Brad_Pitt,WorldWarZ
36,Actor,Adam,Sandler,+989127772966,+982184301435,Adam@Sandler.com,@Adam_Sandler,HotelTransylvania2
37,Actor,Daniel,Radcliffe,+989127773019,+982184301436,Daniel@Radcliffe.com,@Daniel_Radcliffe,HarryPotter/DeathlyHallows(P2)
38,Actor,Jonah,Hill,+989127773072,+982184301437,Jonah@Hill.com,@Jonah_Hill,TheLEGOMovie
39,Actor,Owen,Wilson,+989127773125,+982184301438,Owen@Wilson.com,@Owen_Wilson,NightattheMuseum
40,Actor,Idris,Elba,+989127773178,+982184301439,Idris@Elba.com,@Idris_Elba,Avengers:AgeofUltron
41,Actor,Bradley,Cooper,+989127773231,+982184301440,Bradley@Cooper.com,@Bradley_Cooper,AmericanSniper
42,Actor,Mark,Wahlberg,+989127773284,+982184301441,Mark@Wahlberg.com,@Mark_Wahlberg,Transformers4
43,Actor,Jim,Carrey,+989127773337,+982184301442,Jim@Carrey.com,@Jim_Carrey,TheGrinch
44,Actor,Dustin,Hoffman,+989127773390,+982184301443,Dustin@Hoffman.com,@Dustin_Hoffman,MeettheFockers
45,Actor,Leonardo,DiCaprio,+989127773443,+982184301444,Leonardo@DiCaprio.com,@Leonardo_DiCaprio,Titanic
46,Actor,Jeremy,Renner,+989127773496,+982184301445,Jeremy@Renner.com,@Jeremy_Renner,TheAvengers
47,Actor,Philip,SeymourHoffman,+989127773549,+982184301446,Philip@SeymourHoffman.com,@Philip_SeymourHoffman,CatchingFire
48,Actor,Sandra,Bullock,+989127773602,+982184301447,Sandra@Bullock.com,@Sandra_Bullock,Minions
49,Actor,Chris,Evans,+989127773655,+982184301448,Chris@Evans.com,@Chris_Evans,TheAvengers
50,Actor,Anne,Hathaway,+989127773708,+982184301449,Anne@Hathaway.com,@Anne_Hathaway,TheDarkKnightRises
